Tên khóa học,Giảng viên,Thể loại,Thời lượng,Cấp độ,Số bài học,Số câu hỏi,Số sinh viên,Giá,Nội dung
"Thông báo v/v lùi lịch tổ chức thi Đánh giá năng lực Tiếng Anh trình độ tương đương B1,B2 đợt thi tháng 03",admin2,Teaching Online,10 Weeks,All Levels,0,0,0,Miễn phí,Mô tả khóa học 1
Create and Manage Engaging LMS Websites with LearnPress,admin2,Teaching Online,10 Weeks,All Levels,0,0,0,Miễn phí,Mô tả khóa học 2
Khóa học 3,admin2,Teaching Online,10 Weeks,All Levels,0,0,0,Miễn phí,Mô tả khóa học 3
Khóa học 4,admin2,Teaching Online,10 Weeks,All Levels,0,0,0,Miễn phí,Mô tả khóa học 4
Khóa học 5,admin2,Teaching Online,10 Weeks,All Levels,0,0,0,Miễn phí,Mô tả khóa học 5
Khóa học 6,admin2,Teaching Online,10 Weeks,All Levels,0,0,0,Đã thanh toán,Mô tả khóa học 6
Khóa học 7,admin2,Teaching Online,10 Weeks,All Levels,0,0,0,Đã thanh toán,Mô tả khóa học 7
Khóa học 8,admin2,Teaching Online,10 Weeks,All Levels,0,0,0,Đã thanh toán,Mô tả khóa học 8
Khóa học 9,admin2,Teaching Online,10 Weeks,All Levels,0,0,0,Đã thanh toán,Mô tả khóa học 9
Khóa học 10,admin2,Teaching Online,10 Weeks,All Levels,0,0,0,Đã thanh toán,Mô tả khóa học 10
Khóa học 11,admin2,Teaching Online,10 Weeks,All Levels,0,0,0,Miễn phí,Mô tả khóa học 11
Khóa học 12,admin2,Teaching Online,10 Weeks,All Levels,0,0,0,Miễn phí,Mô tả khóa học 12
Khóa học 13,admin2,Teaching Online,10 Weeks,All Levels,0,0,0,Miễn phí,Mô tả khóa học 13
Khóa học 14,admin2,Teaching Online,10 Weeks,All Levels,0,0,0,Miễn phí,Mô tả khóa học 14
Khóa học 15,admin2,Teaching Online,10 Weeks,All Levels,0,0,0,Miễn phí,Mô tả khóa học 15
Khóa học 16,admin2,Teaching Online,10 Weeks,All Levels,0,0,0,Đã thanh toán,Mô tả khóa học 16
Khóa học 17,admin2,Teaching Online,10 Weeks,All Levels,0,0,0,Đã thanh toán,Mô tả khóa học 17
Khóa học 18,admin2,Teaching Online,10 Weeks,All Levels,0,0,0,Đã thanh toán,Mô tả khóa học 18
Khóa học 19,admin2,Teaching Online,10 Weeks,All Levels,0,0,0,Đã thanh toán,Mô tả khóa học 19
Khóa học 20,admin2,Teaching Online,10 Weeks,All Levels,0,0,0,Đã thanh toán,Mô tả khóa học 20
